density,kelvin_temperature
7848.20977696736,293.654179
7847.88665261394,294.80003586
7847.55709374422,295.6482338
7847.2469454765,296.84439507
7846.8205325439,298.22337952
7846.44584393331,299.6091465
7846.07765034466,300.65508881
7845.66428104442,302.08242836
7845.38657280098,303.14096107
7844.9926486687,304.02838364
7844.65041896958,305.42824402
7844.30821915152,306.84763947
7844.00478401978,308.03996506
7843.64327415168,308.87421265
7843.24307047587,310.15733185
7842.86872340604,311.5164093
7842.58476009194,312.89979019
7842.14594754022,313.77226105
7841.82332286446,315.03975906
7841.44911132778,316.38331451
7841.22976300462,317.36546936
7840.74594844397,318.81736984
7840.4427888608,319.91079941
7840.06225912933,321.06522217
7839.78494788393,322.39435425
7839.37224192413,323.38159409
7838.92734073844,324.6932663
7838.62432230804,325.88898697
7838.31487913632,326.89271774
7837.89588212363,328.32638016
7837.52848992748,329.52094879
7837.13535506695,330.56001129
7836.80025451673,332.10477676
7836.42652221639,333.02212753
7836.03994005685,334.30965271
7835.76935558346,335.58374252
7835.44081303478,336.73234024
7835.09941562492,338.1727356
7834.71940550324,339.25333252
7834.33943226497,340.57962646
7834.06252514644,341.55145874
7833.6439826408,342.70604553
7833.3027417887,343.80113831
7832.92934299454,344.96492615
7832.63322465083,346.24373474
7832.14403398227,347.33938446
7831.75143909737,348.99571075
7831.4103631037,350.05476227
7831.0500137515,351.30953827
7830.77333911104,352.25866547
7830.32298057651,353.64188995
7830.00776020737,354.61123505
7829.60251511301,355.97331085
7829.22947009406,357.01135101
7828.9207682191,358.05617371
7828.55421691745,359.55844727
7828.20698781757,360.97355499
7827.76978379281,362.13480225
7827.5640565702,362.73708954
7827.13977943895,364.08901062
7826.70269463296,365.45782318
7826.30421997811,366.98251953
7825.95719041525,367.84779968
7825.66160122886,369.30866852
7825.22467699805,370.21626129
7824.91629531969,371.61180725
7824.62078028653,372.86466827
7824.20324489185,373.83140411
7823.70868580811,374.95708313
7823.38757635361,376.34824219
7822.98943471047,377.48789063
7822.58491796624,379.01511993
7822.48218922614,379.9038147
7821.93649082859,381.07988586
7821.44221378585,382.53243866
7821.39728666923,383.29945221
7820.74263488883,384.79810944
7820.45385603414,385.92966309
7820.11376111738,386.92056885
7819.74161862257,388.22769012
7819.36951154501,389.30438843
7818.92687999107,390.62754669
7818.61257646709,392.00030365
7818.29188516492,393.21021118
7817.9135036191,394.43617096
7817.54798231588,395.71251526
7817.16326157578,396.94832458
7816.72729025033,397.86765137
7816.38751937016,399.16593018
7815.96445294395,400.4675354
7815.66961811991,401.35414734
7815.31071470323,402.59514465
7814.88776485452,403.78885498
7814.51611954633,405.21246948
7814.20217052079,406.37123718
7813.73449703659,407.5048584
7813.35015156101,408.82285156
7812.88898420487,409.90421143
7812.55595500104,411.05077209
7812.16532245622,412.63286438
7811.95401200013,413.32085266
7811.44819208685,414.83452454
7811.14729212233,415.9174408
7810.62878017565,417.1154541
7810.25753985188,418.44244995
7809.87353189087,419.54706421
7809.43837325197,420.62532654
7809.06084818964,421.96089783
7808.71534610014,423.31674805
7808.38267257817,424.37955322
7807.85812724627,425.46620789
7807.55111278404,426.64667358
7807.20574429467,428.03336182
7806.75169607197,429.24246826
7806.4255834227,430.44551697
7805.95244749671,431.6412262
7805.58804375086,432.50533142
7805.30677470042,434.13052979
7804.80181965071,435.25389709
7804.46947504583,436.22505798
7803.93906579865,437.46291199
7803.73458927727,438.67540588
7803.28733759034,439.86333313
7802.93595832867,441.00571289
7802.49518530091,442.47821655
7802.11194466834,443.38266602
7801.89479154636,444.79485168
7801.34557193857,445.91472473
7801.01352605368,447.0608429
7800.45804668675,448.60353699
7800.07500616553,449.70369568
7799.61540453308,450.85343018
7799.40477244539,452.06201782
7798.88143257686,452.94084778
7798.57512366729,454.50916138
7798.14760316303,455.29468384
7797.79030718605,456.85698547
7797.37563024771,458.07234802
7796.91634663676,459.47461548
7796.50176264305,460.17389526
7796.189263792,461.82306519
7795.78750942008,462.73753967
7795.32841289584,463.92957153
7794.89487358265,464.86342468
7794.53787560417,466.04610291
7794.1299223755,467.53471985
7793.68376645696,468.65788879
7793.28864675781,469.95056763
7792.98277257274,471.16351929
7792.49215231272,472.27812805
7792.10351913655,473.48221436
7791.67033844589,474.56679382
7791.27541843444,476.16959229
7790.89327918395,477.00968018
7790.53664764063,478.55667725
7790.12911312883,479.6800293
7789.47968494403,481.12001648
7789.20594096712,482.11296692
7788.76671769618,483.24887695
7788.34027190964,484.19821777
7788.02205907104,485.64127197
7787.43025307805,486.83572998
7787.18846350649,487.93733826
7786.75582910646,489.01412048
7786.33596420142,490.24283447
7785.92250456872,491.64041748
7785.50908886683,492.68890991
7785.12115629251,493.79813232
7784.76505298425,495.04530945
7784.19281343753,496.22798767
7783.76051182411,497.80722656
7783.42996115365,498.90408936
7783.10578957576,500.3078064
7782.63548052119,501.01669922
7782.13980394445,502.24947205
7781.71408349482,503.55216064
7781.21217191521,505.21506348
7780.83737086305,506.12355652
7780.41814394942,507.09059753
7779.96086019777,508.4174408
7779.6814305798,509.54567566
7779.26232819318,510.88898315
7778.8432709594,512.07658997
7778.39252005228,513.07781067
7777.95451541026,514.39497986
7777.48482426576,515.56824341
7777.04057187402,516.73613586
7776.65348277318,518.05370178
7776.23470655391,519.40671387
7775.89210302152,520.12128296
7775.33385701045,521.66795959
7775.01036386955,522.79280701
7774.51565807451,523.89032593
7774.12247948379,525.10761108
7773.72300052145,526.30618896
7773.30454426132,527.40045776
7772.78470106471,528.73929443
7772.41704499966,529.86395874
7771.85295634648,531.27445068
7771.53608934161,532.20307007
7771.12420434911,533.45386353
7770.66167286009,534.59863892
7770.31322563461,535.95987549
7769.8697965605,536.99893799
7769.29974905224,538.0897583
7768.98941818193,539.77387085
7768.61579365418,540.65088501
7768.06491837286,541.6539978
7767.74203419103,543.29852905
7767.26724600007,544.43710938
7766.77985824748,545.41504517
7766.40011362846,546.93118896
7765.9950959716,547.9670166
7765.60910557954,549.10574951
7764.98906688802,550.30484619
7764.65377885256,551.57501831
7764.05919889043,552.7309021
7763.72399115082,553.83109131
7763.36351933489,555.18887939
7762.86397649139,556.45142212
7762.47197110358,557.31015625
7762.12425794976,558.6010498
7761.63119934324,560.10983887
7761.21403945411,561.02164307
7760.79060094645,562.28388062
7760.27243009784,563.6472229
7759.83014622539,564.86768188
7759.45740212857,566.10477295
7759.03415527222,567.12186279
7758.44674645255,568.40192261
7758.09940257566,569.41812744
7757.70155982445,570.79639282
7757.30376666152,572.12097778
7756.76081129443,573.07630005
7756.33155114628,574.1550354
7755.88970759406,575.42914429
7755.47316460636,576.72937622
7755.13239239703,578.01791992
7754.59605427187,579.0053772
7754.13548811846,580.2175354
7753.6560499768,581.61469116
7753.44789721423,582.54291382
7752.842411122,584.09638062
7752.37574351645,585.21384277
7752.08568210371,586.10272827
7751.48671703714,587.60343018
7751.11477404485,588.72824707
7750.65462131139,589.94299927
7750.21343303058,590.91455688
7749.71558101538,592.51862183
7749.28710025948,593.86368408
7748.78306333782,594.95593872
7748.26019159706,596.12671509
7747.76889270605,597.07294312
7747.38470318219,598.2241272
7746.95648012827,599.70105591
7746.5157127515,600.72177734
7746.10017604332,601.91916504
7745.58396496727,603.15424194
7745.06153359604,604.28705444
7744.62727019206,605.66596069
7744.15530342431,606.81348267
7743.84698669753,607.83463135
7743.34994349026,609.05682983
7742.92846068653,610.04044189
7742.39380049404,611.66513672
7741.97870584668,612.6718811
7741.45676068763,614.0295166
7741.11092765935,615.11362305
7740.63309870945,616.41245117
7740.17418963101,617.33762207
7739.57706373995,618.67044678
7739.21883068206,619.94025269
7738.78522221,620.81558838
7738.33910597583,622.41501465
7737.89303243011,623.57990112
7737.39676193931,624.49463501
7736.87542566567,625.81409302
7736.56140432998,627.24869385
7736.03390617709,628.66217651
7735.53787412047,629.53052368
7735.16117833928,630.83301392
7734.73430547266,631.95718994
7734.18822464067,633.50223389
7733.76773859357,634.38095703
7733.36611725408,635.39078369
7732.80140457158,636.84842529
7732.48144515002,637.89554443
7732.02977870787,639.10083618
7731.53425128297,640.23563232
7731.03879609581,641.51633301
7730.76914418996,642.74725952
7730.21735807587,644.02890625
7729.79102195486,645.1512207
7729.39608591811,646.36304321
7729.04506648776,647.73563232
7728.5311259871,648.54318848
7728.02351527328,649.87277832
7727.559839368,651.18375244
7727.12127633086,652.19324341
7726.69529033642,653.39545288
7726.21923931825,654.87113037
7725.71194095438,655.81360474
7725.48023036317,657.19406738
7724.89789084085,658.42890015
7724.4784056484,659.59158936
7724.0777485109,660.518927
7723.5957657108,661.79627075
7723.12635873162,662.92996826
7722.66952302144,664.38400879
7722.21274135324,665.60336914
7721.78729639691,666.79141846
7721.35564764125,668.07797852
7720.93654705908,669.14005127
7720.38616363471,670.18927612
7720.00469358601,671.46149292
7719.57949186428,672.56610718
7719.10431724125,674.0100769
7718.62295490665,675.14029541
7718.17915145975,676.23990479
7717.6729083027,677.51547852
7717.33544108372,678.82935181
7716.79182285584,680.02954712
7716.33573621277,681.30139771
7715.95466631849,682.31802979
7715.52366071797,683.6180481
7715.105192978,684.72058716
7714.48695311655,685.9642395
7714.18723322163,687.19449463
7713.68775181379,688.47861328
7713.250761887,689.46222534
7712.82005829999,690.91370239
7712.32699863396,691.82681885
7711.90887756821,693.15201416
7711.55944461819,694.19492188
7711.02287371756,695.61734619
7710.54875187456,696.4980835
7710.14953841741,697.90076294
7709.77531983588,699.21497192
7709.34500428406,700.14777222
7708.77756390302,701.61746826
7708.33489187723,702.78510132
7707.89850821509,704.03693237
7707.53073638689,705.35779419
7707.00095337907,706.48139038
7706.49617549077,707.4229187
7706.02261012664,708.74887695
7705.61140616849,709.86969604
7705.26254368249,711.08475342
7704.70816014233,712.36124268
7704.25350070372,713.59616699
7703.77398869714,714.65039673
7703.43774452605,715.89301147
7702.83382307714,716.99768677
7702.52877911695,718.27414551
7702.18019567075,719.42383423
7701.65114792937,720.80368652
7701.19063115386,721.75565186
7700.69282265638,722.98242798
7700.26974553054,724.10504761
7699.77207336638,725.44208374
7699.35530382135,726.90198364
7698.93859670154,728.01859131
7698.50948995367,729.05454102
7697.94986488477,730.48850098
7697.55817576668,731.59174194
7697.22247394144,732.90048828
7696.66303598596,734.02838745
7696.22796416938,735.30969849
7695.81159548954,736.31329956
7695.36420265325,737.73529663
7694.87336355568,738.6449646
7694.4384940633,739.73926392
7693.92914541465,741.13709106
7693.46956025882,742.40683594
7693.01622620682,743.63583984
7692.56294559927,744.74390259
7692.19042357227,746.07581177
7691.66894989777,747.05997314
7691.30272514462,748.31220093
7690.80000143793,749.48432007
7690.38421984456,750.77799072
7689.86919940788,751.98358765
7689.37287065454,753.27091064
7688.95103644247,754.23200073
7688.51062984511,755.55133667
7688.01447646607,756.89331665
7687.53698369712,758.04782715
7687.10294300511,759.08759155
7686.67517177905,760.41251221
7686.33421582598,761.54736938
7685.74536786054,762.61353149
7685.29294361357,764.04013672
7684.86535657911,765.14182129
7684.53076092203,766.39917603
7683.94837084136,767.48435059
7683.55810522421,768.82648315
7683.12451370065,769.95654907
7682.61667901851,771.16348877
7682.18938974542,772.34421387
7681.7621479768,773.63257446
7681.35971507225,774.82407227
7680.70972682221,775.99414673
7680.29503546614,777.13974609
7679.91133318956,778.37451782
7679.47815313934,779.67111816
7679.06976853642,780.86313477
7678.60576657889,781.95526733
7678.03046347619,783.04035034
7677.75212749304,784.28919067
7677.13367153681,785.4513916
7676.62044146207,786.81235352
7676.15053200174,788.02902832
7675.68069727293,789.27506104
7675.29745588217,790.20541992
7674.90805134592,791.3822998
7674.51251985719,792.85556641
7673.91931623352,793.88352051
7673.49917579359,795.18216553
7673.10995370203,796.3720459
7672.60342481701,797.52390137
7672.29459897875,798.58066406
7671.72643743902,799.95456543
7671.30035863108,801.19052734
7670.8187620808,802.35690918
7670.42365195741,803.58218994
7669.9483417084,804.87406006
7669.48542424044,805.9300293
7669.10281838981,807.15195313
7668.61530641665,808.42325439
7668.15254983976,809.4355835
7667.70836704855,810.76523438
7667.28275157505,811.95175781
7666.73998207067,813.11594238
7666.23429383963,814.30161133
7665.83348619776,815.71573486
7665.40192700185,816.74814453
7664.89023000481,818.05167236
7664.36631810378,819.34213867
7663.97802192739,820.25241699
7663.55282046607,821.50168457
7663.03522224649,822.84415283
7662.53616980348,824.06247559
7662.12960219296,825.21994629
7661.76616777492,826.36612549
7661.37815210444,827.42374268
7660.80542749386,828.68271484
7660.31284329056,830.04910889
7659.92497480415,831.06424561
7659.53716270513,832.29758301
7659.10011911642,833.48776855
7658.49080500249,834.56369629
7658.02312949919,835.84927979
7657.64166642164,837.14890137
7657.1925275977,838.22348633
7656.65118570593,839.57095947
7656.28830499361,840.73795166
7655.82089846276,841.96512451
7655.27975048739,843.06339111
7654.9169655755,844.39304199
7654.46202913235,845.53720703
7654.01326320657,846.62662354
7653.68749878972,848.01010742
7652.99304410216,849.16074219
7652.5936027119,850.16330566
7652.12664717208,851.57144775
7651.78260214016,852.80985107
7651.22974961347,853.9536499
7650.79365350481,855.14414063
7650.4558902981,856.41245117
7649.92166158932,857.51706543
7649.35679162667,858.7861084
7648.89635634141,859.91641846
7648.47895133053,861.16849365
7648.14751660017,862.36356201
7647.70563127024,863.57687988
7647.14724515633,864.86990967
7646.7791086644,866.0338501
7646.26991189303,867.17191162
7645.80372774461,868.38242188
7645.35599350082,869.49924316
7644.79179756967,870.80570068
7644.5220015687,871.91647949
7644.03762665289,873.02805176
7643.51654440156,874.26737061
7642.97715145884,875.54642334
7642.62777927233,876.76639404
7642.15590750843,878.10233154
7641.66570157891,879.08823242
7641.24908533614,880.34696045
7640.83866100917,881.43613281
7640.2444888562,882.79404297
7639.96890268467,883.98282471
7639.44837496177,885.20108643
7638.92790116658,886.37625732
7638.52994364239,887.57132568
7638.25446410474,888.82010498
7637.64846206778,890.11795654
7637.14049755535,891.19974365
7636.66318034361,892.22141113
7636.28996438618,893.52945557
7635.81885788816,894.95432129
7635.36617156756,895.97220459
7634.99916846515,897.03018799
7634.45487469413,898.55484619
7633.99621456082,899.49637451
7633.62324223377,900.76450195
7633.20138521362,901.80875244
7632.62676608165,903.0194458
7632.20501918782,904.31046143
7631.77108902142,905.66525879
7631.4288889004,906.62424316
7630.78732301697,907.85782471
7630.45740277624,909.10275879
7629.9442653212,910.28952637
7629.48619793875,911.62357178
7628.98541200763,912.83951416
7628.55183088317,914.02530518
7628.17331509367,915.19119873
7627.70931795458,916.52249756
7627.1965500302,917.50876465
7626.84865294085,918.84110107
7626.41533161746,920.01047363
7625.98207646906,921.26016846
7625.42684102536,922.19022217
7624.92658783297,923.60721436
7624.47519204039,924.77524414
7624.02995221538,925.96726074
7623.69453097185,927.15195313
7623.14572968106,928.38815918
7622.76161577192,929.54782715
7622.35922401271,930.59915771
7621.80453289331,932.09769287
7621.43884925629,933.22592773
7620.99396397164,934.33829346
7620.4942922361,935.38950195
7620.00076513826,936.66281738
7619.60476024255,938.04208984
7619.22711487802,939.03861084
7618.71550360978,940.26938477
7618.28919928001,941.47739258
7617.83251329656,942.74985352
7617.32107239179,943.92886963
7616.90101521216,945.05026855
7616.45058603867,946.27866211
7616.03669767561,947.6598877
7615.54985366061,948.7104248
7615.17259320696,949.8329834
7614.67977205725,951.1322998
7614.19917138895,952.33823242
7613.87678713954,953.53183594
7613.40844199775,954.72989502
7612.96449370779,956.05533447
7612.44155509778,957.25772705
7612.10108617247,958.19632568
7611.56001837191,959.56381836
7611.12236749736,960.81967773
7610.65437803724,961.77011719
7610.2229117411,963.23026123
7609.75503288176,964.46787109
7609.42692877506,965.66654053
7608.91663275242,966.81326904
7608.48536346212,967.97598877
7607.96302313836,969.26425781
7607.52578579558,970.42349854
7607.16752969651,971.42258301
7606.71823406647,972.71591797
7606.1536859073,973.87229004
7605.76520910101,975.06009521
7605.29178874181,976.32828369
7604.83665964604,977.66422119
7604.46044297787,978.8019165
7604.00541339747,979.97855225
7603.56863081899,981.11624756
7603.06517234471,982.43875732
7602.59817316453,983.54611816
7602.14943394203,984.71256104
7601.84623673106,985.71451416
7601.349055733,987.07572021
7600.96112009387,988.39945068
7600.3852461167,989.45181885
7599.91859290756,990.64127197
7599.56103604801,991.84592285
7599.16716956084,993.02316895
7598.84605695636,994.30856934
7598.55524677293,995.36154785
7598.37957589154,996.7192749
7598.54313999826,997.84244385
7598.66429377042,999.14816895
7598.94903298735,1000.3977417
7599.40349128241,1001.39206543
7599.83979545018,1002.72159424
7600.39131085853,1004.0340332
7600.9186607165,1005.18967285
7601.59156300876,1006.27408447
7602.25249954684,1007.62576904
7602.79224485943,1008.61875
7603.28352844195,1010.09085693
7603.73241840549,1011.1253418
7604.1934861243,1012.53067627
7604.60607136412,1013.5451416
7604.81237235122,1014.74277344
7605.19469625316,1015.90982666
7605.47388598296,1017.10776367
7605.69236358674,1018.35935059
7605.86233302946,1019.60666504
7606.20830124061,1020.7036499
7606.34184806638,1021.88266602
7606.60289797164,1022.98374023
7606.70002641975,1024.31027832
7606.66359453425,1025.39639893
7606.71823406647,1026.78366699
7606.91251616682,1027.96134033
7607.19792452431,1029.26914063
7607.53795499259,1030.40421143
7607.85978575752,1031.68045654
7608.28492363516,1032.70493164
7608.4428368653,1033.92740479
7608.71009214529,1035.28781738
7608.9287726059,1036.52982178
7609.11102719054,1037.55661621
7609.48768728076,1038.7515625
7609.70641244172,1039.96451416
7609.91910396869,1041.2359375
7610.12567643777,1042.35617676
7610.49637299364,1043.56845703
7610.73338301938,1044.79611816
7610.94003346609,1045.99979248
7611.28648067735,1047.12460938
7611.56610096072,1048.35562744
7611.80926059768,1049.63480225
7612.10108617247,1050.81656494
7612.49021049531,1052.13016357
7613.01924070187,1053.1276001
7613.18950397383,1054.45975342
7613.65173624651,1055.48868408
7614.08359143992,1056.58054199
7614.34513919896,1057.92203369
7614.82577520661,1059.0428833
7615.25778051363,1060.22733154
7615.68981790266,1061.59750977
7616.18885978473,1062.6946167
7616.54187556491,1063.93033447
7617.15060735065,1065.05948486
7617.71073059405,1066.40109863
7618.19785093654,1067.50516357
7618.59978650954,1068.73056641
7619.22711487802,1069.95236816
7619.77538594787,1071.02805176
7620.15308568777,1072.40128174
7620.8903557231,1073.42404785
7621.41445578005,1074.72580566
7621.77405509464,1076.03317871
7622.44458912876,1077.17178955
7623.16405001868,1078.22415771
7623.5847643879,1079.4925293
7624.14583433065,1080.79953613
7624.65205468844,1081.99716797
7625.32921679503,1083.20505371
7625.8295228216,1084.44724121
7626.40313587895,1085.50968018
7626.90967301278,1086.74753418
7627.45292537448,1087.8564209
7627.91076560058,1089.05124512
7628.23433939242,1090.41885986
7628.6678674751,1091.51773682
7629.16248396442,1092.71048584
7629.22968589309,1093.95212402
7629.6388979253,1095.07474365
7629.83435265371,1096.51505127
7630.054249074,1097.5307373
7629.8526542404,1098.70090332
7630.04200773526,1099.89304199
7629.93207527263,1101.20267334
7629.77325181768,1102.49002686
7629.50449783299,1103.57602539
7629.19916563632,1104.64365234
7628.79000077115,1106.04935303
7628.33202105181,1107.27304688
7628.11224085831,1108.22495117
7627.59941876185,1109.5942749
7627.17213665026,1110.79910889
7626.57399836103,1111.89060059
7625.96375954558,1113.19266357
7625.49394321768,1114.36569824
7624.98149005143,1115.4680542
7624.43858968994,1116.6567749
7623.74331337282,1117.98312988
7623.13962857105,1119.26785889
7622.60919094311,1120.26254883
7621.94472713819,1121.60263672
7621.26819986717,1122.71011963
7620.64661555724,1123.87253418
7620.01905344989,1125.20853271
7619.3915777616,1126.38406982
7618.84948999363,1127.52139893
7618.24657994558,1128.71695557
7617.42456671019,1129.80612793
7616.97407561546,1131.06394043
7616.33493772923,1132.30948486
7615.72633630132,1133.47836914
7615.20908973181,1134.62711182
7614.32691193175,1135.92026367
7613.65173624651,1137.1164917
7612.9219339067,1138.39206543
7612.52668131342,1139.73392334
7611.91868834685,1140.71835938
7611.26825117688,1141.85556641
7610.48421124487,1143.25791016
7609.84008213375,1144.25314941
7609.2446759665,1145.65036621
7608.83766548398,1146.50827637
7608.1270000998,1147.87814941
7607.42256030275,1149.2258667
7606.73645865424,1150.39761963
7606.21437527904,1151.44510498
7605.49207088979,1152.73728027
7604.97623037136,1153.99405518
7604.29055305037,1155.18393555
7603.63534888756,1156.48972168
7602.98632648482,1157.39468994
7602.35560165944,1158.67172852
7601.69464717263,1159.99960938
7601.07020245449,1161.03122559
7600.45797315717,1162.46903076
7599.74888900953,1163.61594238
7599.22776433546,1164.67270508
7598.60976988044,1165.93912354
7597.99795369208,1167.106604
7597.25300349996,1168.29038086
7596.65347282118,1169.57773438
7596.02985601364,1170.73099365
7595.37607453992,1172.02884521
7594.71031101085,1173.13846436
7594.03857592809,1174.22391357
7593.53639547426,1175.60526123
7592.88302629351,1176.74289551
7592.12092397606,1177.86179199
7591.56459108174,1179.23105469
7590.86318123499,1180.30692139
7590.27072401317,1181.54208984
7589.56353934047,1182.80216064
7588.97130173942,1184.02634277
7588.38518538323,1185.17984619
7587.66626307068,1186.57932129
7587.20719729314,1187.51895752
7586.51869438844,1188.80948486
7585.7820180335,1189.70706787
7585.23864455564,1191.01834717
7584.53239718307,1192.32645264
7583.91076876866,1193.5887207
7583.19873129018,1194.64493408
7582.60746981891,1195.97208252
7582.00424641261,1197.10410156
7581.44936160132,1198.334021
7580.74385316751,1199.63199463
7580.12281207459,1200.74954834
7579.44764024476,1201.94138184
7578.81476749392,1203.22592773
7578.13986215094,1204.56235352
7577.60963977403,1205.3987793
7577.03133802682,1206.65854492
7576.31454856312,1207.78824463
7575.71232595014,1209.03964844
7575.0078346011,1210.42508545
7574.36971320756,1211.68485107
7573.71363253386,1212.70535889
7573.00951284916,1213.90146484
7572.43191302135,1215.06876221
7571.81223299074,1216.45834961
7571.1385574711,1217.79398193
7570.43493322368,1218.69376221
7569.87572429702,1219.94650879
7569.46088342607,1221.05130615
7568.73353025217,1222.33652344
7568.13251215953,1223.55777588
7567.41742199294,1224.8039917
7566.94878004084,1225.82150879
7566.19187464532,1227.17105713
7565.59126012453,1228.28128662
7564.99673266903,1229.54343262
7564.342274646,1230.62869873
7563.60389241329,1232.03934326
7563.05773614837,1233.17893066
7562.41558878624,1234.51791992
7561.71957137468,1235.66574707
7561.14966129159,1236.6946167
7560.45389354386,1237.87399902
7559.69828686452,1239.09262695
7559.17064187414,1240.43137207
7558.50519527693,1241.65256348
7557.93573627312,1242.69003906
7557.31244690881,1243.94614258
7556.56945799904,1245.13883057
7555.9344725082,1246.3251709
7555.31747289234,1247.54282227
7554.62876995222,1248.94083252
7554.00006820771,1249.99381104
7553.33553160786,1251.20493164
7552.69506733168,1252.2548584
7552.07866314069,1253.46500244
7551.38453045667,1254.84689941
7550.73841121427,1255.89902344
7550.13426271339,1256.99051514
7549.61395251456,1258.32340088
7548.77080333631,1259.48917236
7548.13111290056,1260.87375488
7547.4795696338,1261.99118652
7546.85202397754,1263.06699219
7546.24849722754,1264.22391357
7545.58532370248,1265.55533447
7544.98797614915,1266.4380249
7544.22353982254,1267.75174561
7543.58458660749,1269.28098145
7542.89802092552,1270.27536621
7542.35481755569,1271.61655273
7541.64459020048,1272.89169922
7541.0717481345,1273.83231201
7540.39154279292,1275.02536621
7539.61013308671,1276.3017334
7538.94219184453,1277.58963623
7538.46515392036,1278.67276611
7537.72583296785,1279.97769775
7537.01051305916,1281.17337646
7536.36685111772,1282.2895874
7535.7114082845,1283.49344482
7535.06793510469,1284.72366943
7534.37695887606,1285.82602539
7533.66826621399,1287.33328857
7533.07872864149,1288.29025879
7532.55480946419,1289.66678467
7531.70355485039,1290.77091064
7531.07866286494,1292.03415527
7530.39433852281,1293.12064209
7529.77561634746,1294.43460693
7529.07962579274,1295.57022705
7528.50274029626,1296.68833008
7527.83676554652,1298.23764648
7527.11142446977,1299.22946777
7526.37436176578,1300.24802246
7525.73251512332,1301.60983887
7524.97788741406,1302.77988281
7524.52041478057,1303.91464844
7523.90856770737,1305.09104004
7523.11274415039,1306.55344238
7522.54865492145,1307.57370605
7521.88964021544,1308.68503418
7521.24855824518,1309.92648926
7520.63130497703,1311.13999023
7519.95484792631,1312.28537598
7519.31406269753,1313.62900391
7518.6141027215,1314.60239258
7517.86683559052,1315.87351074
7517.15527970072,1317.21604004
7516.60987878486,1318.31442871
7515.89856080243,1319.53818359
7515.34737949042,1320.69052734
7514.51189929278,1321.99680176
7513.8068727279,1323.23105469
7513.256031079,1324.5036377
7512.71116288656,1325.44821777
7512.00647418432,1326.69174805
7511.34341462128,1327.83896484
7510.73374143328,1329.01755371
7510.08863806616,1330.3753418
7509.5915616508,1331.49533691
7508.82240877296,1332.65268555
7508.26046043102,1333.87155762
7507.43243954768,1335.02817383
7506.70510889281,1336.32419434
7506.06069735581,1337.51071777
7505.30412828348,1338.7013916
7504.76041279747,1339.95322266
7504.25812913357,1340.99631348
7503.54323570604,1342.40146484
7502.88166930033,1343.54538574
7502.42096986324,1344.68100586
7501.75369294993,1345.80917969
7501.16913947208,1347.0451416
7500.3368085125,1348.25314941
7499.66986948121,1349.43942871
7499.07389800172,1350.73752441
7498.38360406369,1351.85617676
7497.57543257812,1353.17319336
7497.01516632431,1354.23459473
7496.31341896247,1355.59702148
7495.6000711409,1356.88620605
7495.09904561389,1357.9994873
7494.40945046047,1359.14157715
7493.92623939149,1360.31418457
7493.28991493624,1361.63498535
7492.76562127931,1362.83395996
7492.23554037709,1363.87949219
7491.74668424584,1365.05246582
7491.30502688928,1366.20822754
7490.70446036789,1367.64133301
7490.02162890635,1368.77939453
7489.30355649705,1369.86337891
7488.83277963602,1371.24020996
7488.32085120616,1372.38352051
7487.65604731536,1373.4345459
7487.15023051228,1374.61325684
7486.42090735413,1375.92624512
7485.72709030047,1377.14133301
7485.14503171542,1378.509375
7484.62779126852,1379.62644043
7484.05766461996,1380.62973633
7483.4700186651,1381.84812012
7482.88246500796,1383.08933105
7482.17751584527,1384.40793457
7481.56078202693,1385.6644043
7481.12623333419,1386.78134766
7480.40395802843,1387.99472656
7479.71125573745,1389.15500488
7479.07734293663,1390.27744141
7478.39659690126,1391.52402344
7477.83328986874,1392.47531738
7477.1351613202,1393.96494141
7476.36093800649,1395.27084961
7475.88591915176,1396.37595215
7475.48129932591,1397.50473633
7474.74841432284,1398.67844238
7474.12710481546,1399.83603516
7473.6054892408,1400.92868652
7473.00182883858,1402.30478516
7472.63276155701,1403.47397461
7472.12890726209,1404.7190918
7471.48455740161,1405.83994141
7471.0101579776,1407.17624512
7470.43624482679,1408.54709473
7469.76881954223,1409.5262207
7469.2712086641,1410.64499512
7468.6566331401,1412.12253418
7468.09482492573,1413.10715332
7467.45113806847,1414.21994629
7466.67306559851,1415.67856445
7466.10567089649,1416.73935547
7465.39806034763,1417.92539063
7465.02964621902,1419.1935791
7464.07669690477,1420.4592041
7463.65002530247,1421.56882324
7463.15322931162,1422.67185059
7462.56301467878,1423.83603516
7461.92615929652,1425.10031738
7461.45881789668,1426.2034668
7460.99734690546,1427.49558105
7460.18559263669,1428.8119873
7459.63671000668,1429.96762695
7458.95949820784,1431.20090332
7458.19484162615,1432.54660645
7457.76880974978,1433.56723633
7457.18528479039,1434.83774414
7456.68354384791,1436.00534668
7456.08851538189,1437.05466309
7455.3011380167,1438.32285156
7454.75880842512,1439.54916992
7454.04164764871,1440.66574707
7453.56366032598,1441.76291504
7452.95166682868,1443.2572998
7452.17074991234,1444.3263916
7451.5706118294,1445.60214844
7451.13367859476,1446.80563965
7450.61526737142,1447.9279541
7449.76495069859,1449.2807373
7449.19436157663,1450.2659668
7448.44917976806,1451.6689209
7447.77982127407,1452.62399902
7447.19203563779,1453.92441406
7446.51125971303,1455.13706055
7445.9061797551,1456.50058594
7445.29544301236,1457.60544434
7444.53943618449,1458.7503418
7443.94052657365,1459.83530273
7443.17316195468,1461.24033203
7442.44078254071,1462.36813965
7441.90616905618,1463.53696289
7440.97070758089,1464.76413574
7440.5698905764,1466.00253906
7439.74510939513,1467.04489746
7439.21666109324,1468.31772461
7438.61863982665,1469.78879395
7438.26448151489,1470.73898926
7437.66661334048,1471.80600586
7437.1210392527,1473.10129395
7437.1384925024,1473.14121094
7437.30677064199,1473.00559082
7437.15584906348,1473.08041992
7437.10942528626,1473.16293945
7437.1384925024,1473.33395996
7436.93534938053,1473.39938965
7437.00496585144,1473.04624023
7437.05719520205,1473.08835449
7437.1210069891,1473.12119141
7436.84247564988,1473.21689453
7436.76702350586,1473.10935059
7436.84828220113,1472.98251953
7436.76124934198,1473.09262695
7436.63938095809,1473.30795898
7436.30282815619,1473.26816406
7436.38407670755,1473.22104492
7436.27960539137,1473.17233887
7436.38991480025,1473.07150879
7436.04754703398,1473.35544434
7435.98955887683,1473.12265625
7435.91409180666,1473.23129883
7435.92573427217,1473.05246582
7435.80973045195,1472.96494141
7435.62984620217,1473.3095459
7435.40943699565,1473.22495117
7435.50224266632,1473.11557617
7435.44426303481,1473.16171875
7435.42104563207,1473.06540527
7435.30499306227,1473.11142578
7435.2992211685,1473.12192383
7435.12516547847,1473.1833252
7435.18900858764,1473.08945313
7435.11936161766,1473.3708252
7435.13100159467,1473.00498047
7435.10778614823,1473.1277832
7435.08460311382,1473.04770508
7435.19481257832,1473.28964844
7435.41520906053,1472.98813477
7435.23537614548,1473.24814453
7435.29341701482,1473.34641113
7435.35719853803,1473.04916992
7435.2992211685,1473.25534668
7435.35139431497,1473.19748535
7435.31660137256,1473.21469727
7435.51385161368,1473.07504883
7435.60085527837,1473.0965332
7435.57183233047,1473.2293457
7435.55445091203,1473.08713379
7435.60085527837,1473.17844238
7435.49060152691,1473.04599609
7435.43842642682,1473.05722656
7435.45003515376,1473.08395996
7435.2992211685,1473.17319336
7435.12519772475,1473.21970215
